country,year,gini_tc,gini_tc_se,gini,gini_se,diff,diff_se,problem
South Africa,2010,0.5781,0.0066,0.6614,0.0448,8.33,4.53,FALSE
South Africa,2008,0.5913,0.0047,0.6615,0.011,7.02,1.2,TRUE
Egypt,2012,0.469,0.0041,0.5195,0.0111,5.050000000000001,1.18,TRUE
Guatemala,2011,0.4806,0.0049,0.5289,0.0219,4.83,2.2399999999999998,TRUE
Paraguay,2007,0.4722,0.0058,0.5167,0.0138,4.45,1.5,TRUE
South Africa,2012,0.5637,0.0072,0.6081,0.0121,4.44,1.41,TRUE
Paraguay,2010,0.4729,0.0057,0.5099,0.0136,3.6999999999999997,1.47,TRUE
Chile,2000,0.4904,0.0039,0.5271,0.0086,3.6700000000000004,0.9400000000000001,TRUE
Belgium,2000,0.2811,0.0085,0.3176,0.0367,3.65,3.7699999999999996,FALSE
Paraguay,2004,0.4718,0.0051,0.508,0.0095,3.62,1.08,TRUE
Chile,1992,0.4727,0.0026,0.5083,0.0043,3.56,0.5,TRUE
Paraguay,2000,0.5088,0.0059,0.5414,0.0097,3.26,1.1400000000000001,TRUE
Norway,2004,0.2529,0.0028,0.283,0.0112,3.01,1.15,TRUE
Chile,1994,0.484,0.0024,0.514,0.0066,3,0.7000000000000001,TRUE
Paraguay,2016,0.4592,0.0044,0.4885,0.0078,2.93,0.8999999999999999,TRUE
India,2011,0.4755,0.0019,0.5035,0.0038,2.8000000000000003,0.42,TRUE
Dominican Republic,2007,0.488,0.0057,0.5154,0.0094,2.74,1.0999999999999999,TRUE
Mexico,1992,0.4735,0.0057,0.5008,0.0097,2.73,1.13,TRUE
Chile,2003,0.479,0.0026,0.5061,0.0043,2.71,0.5,TRUE
Chile,1990,0.4806,0.003,0.5074,0.0046,2.68,0.5499999999999999,TRUE
Colombia,2007,0.5353,0.0051,0.5621,0.0067,2.68,0.84,TRUE
Mexico,1989,0.4505,0.0055,0.4768,0.0114,2.63,1.27,TRUE
Chile,1998,0.4862,0.0027,0.5121,0.0049,2.59,0.5599999999999999,TRUE
Guatemala,2014,0.3907,0.005,0.4155,0.0096,2.48,1.08,TRUE
Colombia,2010,0.4872,0.0051,0.5112,0.0093,2.4,1.06,TRUE
Chile,1996,0.4804,0.004,0.5041,0.0064,2.37,0.75,TRUE
Mexico,1994,0.4824,0.0046,0.5057,0.0077,2.33,0.8999999999999999,TRUE
Mexico,1996,0.4689,0.004,0.4921,0.0093,2.32,1.01,TRUE
India,2004,0.4689,0.0019,0.4918,0.0043,2.29,0.47000000000000003,TRUE
Peru,2004,0.5197,0.0041,0.542,0.0078,2.23,0.88,TRUE
Mexico,2008,0.4674,0.0028,0.4892,0.0045,2.18,0.53,TRUE
Chile,2009,0.4577,0.004,0.4781,0.0065,2.04,0.76,TRUE
Mexico,1998,0.4859,0.0045,0.5059,0.0065,2,0.79,TRUE
Guatemala,2006,0.4704,0.0055,0.4889,0.0091,1.8499999999999999,1.06,FALSE
Chile,2015,0.4493,0.0021,0.4676,0.0026,1.83,0.33,TRUE
Chile,2013,0.4432,0.0027,0.4608,0.0041,1.76,0.49,TRUE
Chile,2006,0.4595,0.0026,0.4767,0.0034,1.72,0.43,TRUE
Chile,2011,0.4499,0.0036,0.4671,0.0044,1.72,0.5700000000000001,TRUE
Mexico,2004,0.4547,0.0036,0.4715,0.0048,1.68,0.6,TRUE
Brazil,2006,0.4881,0.0011,0.5048,0.0016,1.67,0.19,TRUE
Paraguay,2013,0.4635,0.0055,0.4793,0.0074,1.58,0.9199999999999999,FALSE
United States,2000,0.3564,0.0015,0.3722,0.0025,1.58,0.29,TRUE
Russia,2000,0.4116,0.0066,0.4267,0.0104,1.51,1.23,FALSE
Mexico,2000,0.4849,0.0063,0.4998,0.0073,1.49,0.96,FALSE
Mexico,2012,0.4572,0.005,0.4721,0.0073,1.49,0.88,FALSE
United States,1997,0.3601,0.0017,0.3745,0.0028,1.44,0.33,TRUE
Norway,2000,0.2468,0.0029,0.2609,0.0054,1.41,0.61,TRUE
Peru,2007,0.4984,0.0032,0.5123,0.0045,1.39,0.5499999999999999,TRUE
Colombia,2013,0.502,0.0063,0.5156,0.0073,1.3599999999999999,0.96,FALSE
Switzerland,1982,0.3094,0.0048,0.323,0.0067,1.3599999999999999,0.8200000000000001,FALSE
Peru,2010,0.469,0.0037,0.4818,0.0051,1.28,0.63,TRUE
United States,2004,0.3643,0.0014,0.3767,0.0022,1.24,0.26,TRUE
Brazil,2009,0.4662,0.0011,0.4783,0.0017,1.21,0.2,TRUE
United Kingdom,2004,0.3423,0.0023,0.3543,0.0038,1.2,0.44,TRUE
Uruguay,2004,0.4226,0.0023,0.4343,0.0034,1.17,0.41000000000000003,TRUE
France,1984,0.3362,0.0043,0.3478,0.0056,1.16,0.7100000000000001,FALSE
Panama,2010,0.4689,0.004,0.4804,0.0048,1.15,0.62,FALSE
Brazil,2013,0.4487,0.0013,0.4601,0.0018,1.1400000000000001,0.22,TRUE
Mexico,2010,0.4545,0.003,0.4655,0.0035,1.0999999999999999,0.45999999999999996,TRUE
Ireland,2004,0.3144,0.0061,0.3253,0.0105,1.09,1.21,FALSE
United States,1994,0.3606,0.0016,0.3715,0.0026,1.09,0.31,TRUE
United States,2007,0.3722,0.0014,0.3828,0.0021,1.06,0.25,TRUE
Georgia,2010,0.4352,0.0048,0.4457,0.0069,1.05,0.84,FALSE
Ireland,1995,0.335,0.008,0.3454,0.0101,1.04,1.29,FALSE
Brazil,2011,0.4591,0.0012,0.4694,0.0016,1.03,0.2,TRUE
Finland,2004,0.2556,0.0029,0.2659,0.0066,1.03,0.72,FALSE
Switzerland,1992,0.3092,0.0052,0.3195,0.0107,1.03,1.1900000000000002,FALSE
Uruguay,2007,0.4206,0.0016,0.4307,0.0023,1.01,0.27999999999999997,TRUE
Ireland,1996,0.3245,0.0078,0.3343,0.0111,0.98,1.3599999999999999,FALSE
Israel,2010,0.3749,0.0045,0.3843,0.0064,0.9400000000000001,0.7799999999999999,FALSE
Greece,2007,0.3208,0.0048,0.3301,0.0078,0.9299999999999999,0.9199999999999999,FALSE
Mexico,2002,0.4661,0.0054,0.4753,0.0072,0.9199999999999999,0.8999999999999999,FALSE
Romania,1995,0.278,0.0019,0.2871,0.0034,0.91,0.38999999999999996,TRUE
United Kingdom,1999,0.3448,0.0021,0.3532,0.0032,0.84,0.38,TRUE
Georgia,2013,0.3928,0.0072,0.4009,0.0119,0.8099999999999999,1.39,FALSE
Australia,2014,0.3334,0.0038,0.3412,0.0056,0.7799999999999999,0.6799999999999999,FALSE
Denmark,2010,0.2465,0.001,0.2543,0.0022,0.7799999999999999,0.24,TRUE
Israel,2005,0.369,0.0042,0.3768,0.0065,0.7799999999999999,0.77,FALSE
United Kingdom,2016,0.3359,0.0031,0.3436,0.0039,0.77,0.5,FALSE
Uruguay,2010,0.3928,0.0018,0.4004,0.0025,0.76,0.31,TRUE
Panama,2007,0.4796,0.0038,0.4871,0.0042,0.75,0.5700000000000001,FALSE
Serbia,2013,0.339,0.0052,0.3464,0.0069,0.74,0.86,FALSE
Ireland,1994,0.3318,0.0069,0.3391,0.0085,0.73,1.09,FALSE
France,1978,0.3115,0.0036,0.3186,0.0058,0.7100000000000001,0.6799999999999999,FALSE
Ireland,2007,0.2957,0.006,0.3028,0.0098,0.7100000000000001,1.15,FALSE
Norway,2010,0.2437,6e-4,0.2507,0.0011,0.7000000000000001,0.13,TRUE
Italy,2004,0.328,0.0046,0.3349,0.0063,0.69,0.7799999999999999,FALSE
Panama,2013,0.4652,0.0055,0.4721,0.0058,0.69,0.8,FALSE
Colombia,2004,0.5269,0.0075,0.5337,0.0077,0.6799999999999999,1.0699999999999998,FALSE
Sweden,2000,0.2499,0.0022,0.2566,0.0055,0.67,0.59,FALSE
Switzerland,2007,0.3098,0.004,0.3163,0.0057,0.65,0.7000000000000001,FALSE
United Kingdom,1994,0.3377,0.0023,0.3442,0.0033,0.65,0.4,FALSE
Poland,1995,0.3174,0.0021,0.3238,0.0029,0.64,0.36,FALSE
Finland,2000,0.2496,0.0028,0.2559,0.0041,0.63,0.5,FALSE
Iceland,2007,0.2738,0.0062,0.2797,0.0077,0.59,0.9900000000000001,FALSE
United Kingdom,2010,0.3329,0.0026,0.3388,0.0032,0.59,0.41000000000000003,FALSE
Poland,2007,0.3098,0.0018,0.3156,0.0027,0.58,0.32,FALSE
Switzerland,2000,0.2796,0.0054,0.2854,0.0068,0.58,0.8699999999999999,FALSE
Germany,2007,0.2854,0.0038,0.291,0.0046,0.5599999999999999,0.6,FALSE
Poland,2013,0.3166,0.0018,0.322,0.0032,0.54,0.37,FALSE
Switzerland,2010,0.2933,0.0042,0.2987,0.0056,0.54,0.7000000000000001,FALSE
Poland,1999,0.2865,0.0018,0.2918,0.0036,0.53,0.4,FALSE
United Kingdom,1991,0.335,0.0038,0.3403,0.0054,0.53,0.66,FALSE
United Kingdom,2013,0.3284,0.003,0.3337,0.0036,0.53,0.47000000000000003,FALSE
Romania,1997,0.2786,0.0021,0.2838,0.0032,0.52,0.38,FALSE
Denmark,2007,0.2371,0.001,0.2421,0.0018,0.5,0.21,TRUE
Germany,2015,0.2916,0.0034,0.2966,0.0045,0.5,0.5599999999999999,FALSE
United Kingdom,2007,0.3375,0.0026,0.3425,0.003,0.5,0.4,FALSE
Germany,2005,0.2887,0.0035,0.2935,0.0044,0.48,0.5599999999999999,FALSE
Norway,1995,0.2383,0.0031,0.243,0.0042,0.47000000000000003,0.52,FALSE
United States,2016,0.3814,0.0014,0.3861,0.0017,0.47000000000000003,0.22,TRUE
Germany,2004,0.2715,0.003,0.2761,0.0045,0.45999999999999996,0.54,FALSE
Israel,2001,0.3458,0.0043,0.3504,0.005,0.45999999999999996,0.66,FALSE
Netherlands,2007,0.2726,0.0043,0.2772,0.0053,0.45999999999999996,0.6799999999999999,FALSE
Russia,2010,0.339,0.0044,0.3435,0.0055,0.44999999999999996,0.7000000000000001,FALSE
Denmark,1995,0.2174,8e-4,0.2218,0.0017,0.44,0.19,TRUE
Finland,2010,0.2591,0.0028,0.2635,0.0037,0.44,0.45999999999999996,FALSE
Germany,2003,0.2678,0.0029,0.2722,0.0041,0.44,0.5,FALSE
Germany,2013,0.2881,0.0032,0.2925,0.0039,0.44,0.5,FALSE
Peru,2013,0.4548,0.0027,0.4592,0.0032,0.44,0.42,FALSE
Canada,2000,0.3135,0.0033,0.3178,0.004,0.43,0.52,FALSE
Canada,2007,0.3139,0.0027,0.3182,0.0036,0.43,0.44999999999999996,FALSE
Estonia,2000,0.3598,0.0048,0.3641,0.0055,0.43,0.73,FALSE
Finland,2007,0.2624,0.0029,0.2666,0.0044,0.42,0.53,FALSE
United States,2010,0.3692,0.0013,0.3734,0.0017,0.42,0.21,FALSE
United States,2013,0.3786,0.0017,0.3828,0.002,0.42,0.26,FALSE
Denmark,2013,0.2475,0.001,0.2516,0.0014,0.41000000000000003,0.16999999999999998,TRUE
Poland,2004,0.3154,0.0018,0.3195,0.0023,0.41000000000000003,0.29,FALSE
Australia,2010,0.3299,0.0032,0.3338,0.0041,0.38999999999999996,0.52,FALSE
Iceland,2004,0.2532,0.0062,0.2571,0.0078,0.38999999999999996,1,FALSE
Italy,1998,0.3445,0.0056,0.3484,0.0061,0.38999999999999996,0.83,FALSE
Poland,2010,0.31,0.0016,0.3139,0.0024,0.38999999999999996,0.29,FALSE
Mexico,1984,0.4304,0.0079,0.4341,0.0083,0.37,1.15,FALSE
China,2013,0.3963,0.0031,0.3999,0.0038,0.36,0.49,FALSE
Germany,2008,0.2863,0.004,0.2899,0.0045,0.36,0.6,FALSE
Germany,2011,0.2835,0.0028,0.2871,0.0037,0.36,0.45999999999999996,FALSE
Germany,2006,0.2846,0.0032,0.2881,0.0037,0.35000000000000003,0.49,FALSE
Italy,2008,0.3233,0.0053,0.3268,0.006,0.35000000000000003,0.8,FALSE
Finland,2013,0.2577,0.0026,0.2611,0.0033,0.33999999999999997,0.42,FALSE
Italy,1986,0.3061,0.0045,0.3095,0.0053,0.33999999999999997,0.7000000000000001,FALSE
Netherlands,1990,0.2682,0.0045,0.2716,0.0056,0.33999999999999997,0.72,FALSE
Italy,1995,0.3366,0.0046,0.3398,0.0053,0.32,0.7000000000000001,FALSE
Greece,2013,0.3315,0.005,0.3346,0.0059,0.31,0.77,FALSE
United Kingdom,1995,0.3434,0.0039,0.3464,0.0048,0.3,0.62,FALSE
Germany,2012,0.2868,0.0029,0.2897,0.0033,0.29,0.44,FALSE
Norway,2007,0.2439,6e-4,0.2468,9e-4,0.29,0.11,TRUE
Norway,2013,0.2497,6e-4,0.2526,6e-4,0.29,0.08,TRUE
Australia,2008,0.3328,0.0043,0.3356,0.0045,0.27999999999999997,0.62,FALSE
Austria,2013,0.2779,0.0045,0.2807,0.0048,0.27999999999999997,0.66,FALSE
France,2010,0.2889,0.0031,0.2917,0.0038,0.27999999999999997,0.49,FALSE
Spain,1995,0.3554,0.0046,0.3582,0.0052,0.27999999999999997,0.69,FALSE
Slovakia,2010,0.2616,0.0038,0.2643,0.0048,0.27,0.61,FALSE
Spain,1980,0.3178,0.0024,0.3205,0.0037,0.27,0.44,FALSE
Sweden,2005,0.2359,0.0021,0.2386,0.0026,0.27,0.33,FALSE
Germany,2014,0.2881,0.0032,0.2907,0.0037,0.26,0.49,FALSE
Hungary,2007,0.2675,0.0074,0.2701,0.0086,0.26,1.13,FALSE
Iceland,2010,0.2434,0.0048,0.246,0.0057,0.26,0.75,FALSE
Netherlands,2004,0.2644,0.0044,0.267,0.0051,0.26,0.67,FALSE
Canada,1998,0.31,0.0029,0.3125,0.0034,0.25,0.44999999999999996,FALSE
Hungary,1994,0.3244,0.0071,0.3269,0.0078,0.25,1.05,FALSE
Spain,1990,0.3025,0.0027,0.305,0.0035,0.25,0.44,FALSE
Canada,2004,0.3177,0.0031,0.3201,0.0036,0.24,0.48,FALSE
Georgia,2016,0.3879,0.0072,0.3903,0.0084,0.24,1.11,FALSE
Hungary,2005,0.2853,0.0073,0.2877,0.0078,0.24,1.0699999999999998,FALSE
Russia,2013,0.3482,0.0051,0.3506,0.0059,0.24,0.7799999999999999,FALSE
Taiwan,1986,0.2683,0.002,0.2707,0.0028,0.24,0.33999999999999997,FALSE
Germany,2001,0.2708,0.0026,0.2731,0.0031,0.22999999999999998,0.4,FALSE
Hungary,2012,0.2862,0.007,0.2885,0.0081,0.22999999999999998,1.0699999999999998,FALSE
Israel,2012,0.3695,0.0036,0.3718,0.004,0.22999999999999998,0.54,FALSE
Czech Republic,2004,0.2644,0.0055,0.2666,0.0063,0.22,0.84,FALSE
Canada,2010,0.3158,0.0033,0.3179,0.0033,0.21,0.47000000000000003,FALSE
Italy,2014,0.3304,0.0045,0.3325,0.0053,0.21,0.7000000000000001,FALSE
Switzerland,2013,0.294,0.0047,0.2961,0.0058,0.21,0.75,FALSE
Denmark,1992,0.2392,0.0024,0.2412,0.003,0.2,0.38,FALSE
Denmark,2004,0.2281,9e-4,0.2301,0.0011,0.2,0.13999999999999999,FALSE
Greece,1995,0.3532,0.0048,0.3552,0.0058,0.2,0.75,FALSE
Russia,2011,0.3622,0.0049,0.3642,0.006,0.2,0.77,FALSE
Uruguay,2013,0.3686,0.0016,0.3706,0.0018,0.2,0.24,FALSE
Israel,1997,0.3352,0.0041,0.3371,0.0046,0.19,0.62,FALSE
Serbia,2010,0.3268,0.0047,0.3287,0.0052,0.19,0.7000000000000001,FALSE
Sweden,1987,0.2111,0.0022,0.213,0.0029,0.19,0.36,FALSE
Germany,1978,0.262,0.0016,0.2638,0.002,0.18,0.26,FALSE
Germany,2009,0.2835,0.0033,0.2853,0.0036,0.18,0.49,FALSE
Germany,2010,0.285,0.0031,0.2868,0.0029,0.18,0.42,FALSE
Italy,2000,0.333,0.0049,0.3348,0.0048,0.18,0.69,FALSE
Denmark,2000,0.2243,9e-4,0.226,0.0011,0.16999999999999998,0.13999999999999999,FALSE
Germany,2002,0.2696,0.0027,0.2713,0.0033,0.16999999999999998,0.43,FALSE
Ireland,1987,0.3279,0.0054,0.3296,0.0056,0.16999999999999998,0.7799999999999999,FALSE
Spain,2000,0.3351,0.0052,0.3368,0.0056,0.16999999999999998,0.76,FALSE
Uruguay,2016,0.3587,0.0016,0.3604,0.0016,0.16999999999999998,0.22999999999999998,FALSE
Czech Republic,2013,0.2571,0.004,0.2587,0.0046,0.16,0.61,FALSE
France,1994,0.2881,0.0029,0.2897,0.0033,0.16,0.44,FALSE
Italy,1993,0.341,0.0046,0.3426,0.0047,0.16,0.66,FALSE
Slovakia,2004,0.2676,0.0042,0.2692,0.0048,0.16,0.64,FALSE
France,2005,0.279,0.0027,0.2805,0.003,0.15,0.4,FALSE
Estonia,2004,0.3481,0.0059,0.3495,0.0059,0.13999999999999999,0.83,FALSE
Serbia,2016,0.3268,0.0042,0.3282,0.0045,0.13999999999999999,0.62,FALSE
Taiwan,1991,0.2711,0.0019,0.2725,0.0021,0.13999999999999999,0.27999999999999997,FALSE
Australia,2003,0.3146,0.003,0.3159,0.0034,0.13,0.44999999999999996,FALSE
Estonia,2007,0.3117,0.0049,0.313,0.0052,0.13,0.7100000000000001,FALSE
Israel,1979,0.3025,0.005,0.3038,0.0056,0.13,0.75,FALSE
Israel,1986,0.3088,0.0035,0.3101,0.004,0.13,0.53,FALSE
Luxembourg,2007,0.2757,0.0066,0.277,0.0069,0.13,0.95,FALSE
United Kingdom,1969,0.2671,0.0028,0.2684,0.0033,0.13,0.43,FALSE
China,2002,0.4143,0.0024,0.4155,0.0026,0.12,0.35000000000000003,FALSE
Czech Republic,1996,0.2554,0.0021,0.2566,0.0022,0.12,0.3,FALSE
Australia,2004,0.3147,0.0032,0.3158,0.0037,0.11,0.49,FALSE
Finland,1995,0.2162,0.0029,0.2173,0.0028,0.11,0.4,FALSE
France,1989,0.2915,0.0033,0.2926,0.0039,0.11,0.51,FALSE
Luxembourg,2010,0.2699,0.0057,0.271,0.0063,0.11,0.8500000000000001,FALSE
Luxembourg,2013,0.2825,0.0052,0.2836,0.0054,0.11,0.75,FALSE
Netherlands,2013,0.2631,0.004,0.2642,0.0042,0.11,0.58,FALSE
Korea,2010,0.309,0.0029,0.31,0.0032,0.1,0.43,FALSE
Luxembourg,2004,0.2688,0.0056,0.2698,0.006,0.1,0.8200000000000001,FALSE
Netherlands,2010,0.2564,0.003,0.2574,0.0031,0.1,0.43,FALSE
Norway,1979,0.2246,0.0023,0.2256,0.0024,0.1,0.33,FALSE
Poland,2016,0.2891,0.0018,0.2901,0.0019,0.1,0.26,FALSE
Russia,2016,0.3305,0.0029,0.3315,0.0033,0.1,0.44,FALSE
Switzerland,2002,0.2724,0.0052,0.2734,0.0058,0.1,0.7799999999999999,FALSE
Czech Republic,1992,0.2049,0.0024,0.2058,0.0025,0.09,0.35000000000000003,FALSE
Czech Republic,2007,0.251,0.0036,0.2519,0.0039,0.09,0.53,FALSE
Austria,2007,0.2837,0.0037,0.2845,0.004,0.08,0.54,FALSE
Greece,2004,0.3284,0.005,0.3292,0.005,0.08,0.7100000000000001,FALSE
Norway,1991,0.2322,0.0041,0.233,0.0042,0.08,0.59,FALSE
Slovakia,2013,0.2688,0.0049,0.2696,0.0051,0.08,0.7100000000000001,FALSE
Spain,1985,0.3141,0.0057,0.3149,0.0059,0.08,0.8200000000000001,FALSE
Taiwan,2013,0.3074,0.0021,0.3082,0.0023,0.08,0.31,FALSE
Australia,2001,0.3193,0.0043,0.32,0.0046,0.06999999999999999,0.63,FALSE
Italy,1987,0.3337,0.0047,0.3344,0.0046,0.06999999999999999,0.66,FALSE
Spain,2004,0.3208,0.0029,0.3215,0.0031,0.06999999999999999,0.42,FALSE
Taiwan,2016,0.3028,0.002,0.3035,0.0023,0.06999999999999999,0.3,FALSE
Canada,1997,0.2915,0.0017,0.2921,0.0018,0.06,0.25,FALSE
Czech Republic,2002,0.255,0.0035,0.2556,0.0035,0.06,0.49,FALSE
Italy,1989,0.3033,0.0041,0.3039,0.0042,0.06,0.59,FALSE
Slovenia,2012,0.2705,0.0041,0.2711,0.0041,0.06,0.58,FALSE
Taiwan,1995,0.2842,0.0021,0.2848,0.0023,0.06,0.31,FALSE
Belgium,1988,0.2347,0.004,0.2352,0.0041,0.05,0.5700000000000001,FALSE
Canada,1991,0.2819,0.003,0.2824,0.003,0.05,0.42,FALSE
Ireland,2000,0.3132,0.0105,0.3137,0.0101,0.05,1.46,FALSE
Russia,2004,0.3895,0.0059,0.39,0.0058,0.05,0.83,FALSE
Slovakia,1996,0.2493,0.0039,0.2498,0.0041,0.05,0.5700000000000001,FALSE
Sweden,1995,0.2211,0.0021,0.2216,0.0022,0.05,0.3,FALSE
Taiwan,2010,0.3165,0.0023,0.317,0.0024,0.05,0.33,FALSE
Denmark,1987,0.2567,0.0023,0.2571,0.0024,0.04,0.33,FALSE
Estonia,2013,0.3533,0.0045,0.3537,0.0046,0.04,0.64,FALSE
Germany,1983,0.2603,0.0016,0.2607,0.0017,0.04,0.22999999999999998,FALSE
Germany,1989,0.2566,0.0047,0.257,0.0047,0.04,0.66,FALSE
Germany,2000,0.2587,0.0029,0.2591,0.003,0.04,0.42,FALSE
Israel,2007,0.3688,0.0038,0.3692,0.004,0.04,0.5499999999999999,FALSE
Israel,2014,0.3604,0.0035,0.3608,0.0038,0.04,0.52,FALSE
Slovakia,1992,0.189,0.0017,0.1894,0.0019,0.04,0.25,FALSE
Taiwan,2007,0.3066,0.0022,0.307,0.0022,0.04,0.31,FALSE
United Kingdom,1974,0.2679,0.0032,0.2683,0.0034,0.04,0.47000000000000003,FALSE
Australia,1995,0.3106,0.0038,0.3109,0.0037,0.03,0.53,FALSE
Finland,1987,0.2067,0.0017,0.207,0.0019,0.03,0.25,FALSE
France,2000,0.2778,0.0026,0.2781,0.0027,0.03,0.37,FALSE
Germany,1995,0.2587,0.004,0.259,0.0042,0.03,0.58,FALSE
Greece,2010,0.3272,0.0059,0.3275,0.0058,0.03,0.83,FALSE
Italy,1991,0.292,0.0041,0.2923,0.0043,0.03,0.59,FALSE
Korea,2012,0.3065,0.0033,0.3068,0.0031,0.03,0.44999999999999996,FALSE
Poland,1986,0.2706,0.0025,0.2709,0.0026,0.03,0.36,FALSE
Poland,1992,0.2619,0.0036,0.2622,0.0038,0.03,0.52,FALSE
Russia,2014,0.3393,0.0039,0.3396,0.0043,0.03,0.58,FALSE
Spain,2013,0.3452,0.0031,0.3455,0.0032,0.03,0.44999999999999996,FALSE
Sweden,1992,0.2291,0.0021,0.2294,0.0022,0.03,0.3,FALSE
Switzerland,2004,0.2674,0.005,0.2677,0.0054,0.03,0.74,FALSE
Taiwan,2000,0.2889,0.0021,0.2892,0.0023,0.03,0.31,FALSE
Taiwan,2005,0.3051,0.0023,0.3054,0.0024,0.03,0.33,FALSE
United Kingdom,1986,0.3037,0.003,0.304,0.0031,0.03,0.43,FALSE
United States,1979,0.3112,0.0013,0.3115,0.0013,0.03,0.18,FALSE
Australia,1989,0.3037,0.0024,0.3039,0.0024,0.02,0.33999999999999997,FALSE
Austria,2000,0.258,0.0055,0.2582,0.0056,0.02,0.7799999999999999,FALSE
Austria,2004,0.2684,0.004,0.2686,0.004,0.02,0.5700000000000001,FALSE
Canada,1994,0.285,0.0016,0.2852,0.0017,0.02,0.22999999999999998,FALSE
Germany,1991,0.2677,0.0033,0.2679,0.0036,0.02,0.49,FALSE
Ireland,2010,0.2959,0.0049,0.2961,0.0051,0.02,0.7100000000000001,FALSE
Israel,1992,0.3053,0.0037,0.3055,0.0038,0.02,0.53,FALSE
Lithuania,2013,0.3487,0.0061,0.3489,0.0064,0.02,0.88,FALSE
Luxembourg,1991,0.2386,0.0066,0.2388,0.0063,0.02,0.91,FALSE
Serbia,2006,0.3509,0.0046,0.3511,0.0051,0.02,0.69,FALSE
Sweden,1967,0.3041,0.0038,0.3043,0.0037,0.02,0.53,FALSE
United States,1991,0.3468,0.0014,0.347,0.0014,0.02,0.2,FALSE
Australia,1985,0.2929,0.0032,0.293,0.003,0.01,0.44,FALSE
Canada,1971,0.3231,0.002,0.3232,0.0019,0.01,0.27999999999999997,FALSE
Germany,1973,0.2716,0.0014,0.2717,0.0015,0.01,0.21,FALSE
Germany,1994,0.263,0.0041,0.2631,0.004,0.01,0.5700000000000001,FALSE
Germany,1998,0.2536,0.0042,0.2537,0.0038,0.01,0.5700000000000001,FALSE
Greece,2000,0.335,0.0055,0.3351,0.0054,0.01,0.77,FALSE
Italy,2010,0.3232,0.0047,0.3233,0.0048,0.01,0.67,FALSE
Korea,2006,0.3057,0.0026,0.3058,0.0026,0.01,0.37,FALSE
Korea,2008,0.3138,0.0029,0.3139,0.003,0.01,0.42,FALSE
Lithuania,2010,0.3253,0.0052,0.3254,0.0054,0.01,0.75,FALSE
Russia,2015,0.3308,0.0035,0.3309,0.0033,0.01,0.48,FALSE
Taiwan,1981,0.2672,0.002,0.2673,0.0019,0.01,0.27999999999999997,FALSE
Taiwan,1997,0.2873,0.0022,0.2874,0.0022,0.01,0.31,FALSE
United States,1974,0.3171,0.0027,0.3172,0.0028,0.01,0.38999999999999996,FALSE
United States,1986,0.3418,0.0013,0.3419,0.0013,0.01,0.18,FALSE
Australia,1981,0.2819,0.0019,0.2819,0.0019,0,0.27,FALSE
Austria,1987,0.2273,0.0023,0.2273,0.0026,0,0.35000000000000003,FALSE
Austria,1994,0.2818,0.0059,0.2818,0.0062,0,0.86,FALSE
Austria,1995,0.2834,0.0021,0.2834,0.002,0,0.29,FALSE
Austria,1997,0.267,0.0054,0.267,0.0052,0,0.75,FALSE
Austria,2010,0.2798,0.0038,0.2798,0.0037,0,0.53,FALSE
Belgium,1985,0.2279,0.0024,0.2279,0.0025,0,0.35000000000000003,FALSE
Belgium,1992,0.2289,0.0032,0.2289,0.0033,0,0.45999999999999996,FALSE
Belgium,1995,0.2686,0.0065,0.2686,0.0065,0,0.9199999999999999,FALSE
Belgium,1997,0.2514,0.0035,0.2514,0.0036,0,0.5,FALSE
Canada,1975,0.2931,0.0017,0.2931,0.0018,0,0.25,FALSE
Canada,1981,0.2858,0.0023,0.2858,0.0025,0,0.33999999999999997,FALSE
Canada,1987,0.2834,0.0035,0.2834,0.0034,0,0.49,FALSE
Canada,2013,0.3212,0.0031,0.3212,0.003,0,0.43,FALSE
Czech Republic,2010,0.2564,0.0038,0.2564,0.0036,0,0.52,FALSE
Estonia,2010,0.32,0.0046,0.32,0.0046,0,0.65,FALSE
Finland,1991,0.2092,0.0016,0.2092,0.0016,0,0.22999999999999998,FALSE
Germany,1981,0.2439,0.005,0.2439,0.005,0,0.7100000000000001,FALSE
Germany,1984,0.256,0.004,0.256,0.0037,0,0.54,FALSE
Germany,1987,0.2523,0.0038,0.2523,0.0039,0,0.54,FALSE
Hungary,1991,0.2937,0.0069,0.2937,0.0067,0,0.96,FALSE
Hungary,1999,0.2902,0.007,0.2902,0.0071,0,1,FALSE
Hungary,2009,0.2706,0.0063,0.2706,0.0065,0,0.91,FALSE
Hungary,2015,0.2682,0.0057,0.2682,0.0058,0,0.8099999999999999,FALSE
Israel,2016,0.3465,0.003,0.3465,0.0031,0,0.43,FALSE
Japan,2008,0.3018,0.0052,0.3018,0.0055,0,0.76,FALSE
Luxembourg,1985,0.236,0.0045,0.236,0.0045,0,0.64,FALSE
Luxembourg,1994,0.2354,0.0053,0.2354,0.0048,0,0.72,FALSE
Luxembourg,1997,0.2612,0.0049,0.2612,0.0051,0,0.7100000000000001,FALSE
Luxembourg,2000,0.2621,0.005,0.2621,0.0053,0,0.73,FALSE
Netherlands,1983,0.2552,0.008,0.2552,0.0077,0,1.11,FALSE
Netherlands,1987,0.2375,0.0037,0.2375,0.0037,0,0.52,FALSE
Netherlands,1993,0.2619,0.0034,0.2619,0.0036,0,0.5,FALSE
Netherlands,1999,0.2317,0.0036,0.2317,0.0036,0,0.51,FALSE
Norway,1986,0.2347,0.0029,0.2347,0.0031,0,0.42,FALSE
Russia,2007,0.3485,0.0048,0.3485,0.005,0,0.69,FALSE
Slovakia,2007,0.2479,0.0034,0.2479,0.0033,0,0.47000000000000003,FALSE
Slovenia,1997,0.2293,0.004,0.2293,0.0044,0,0.59,FALSE
Slovenia,1999,0.232,0.0037,0.232,0.0037,0,0.52,FALSE
Slovenia,2004,0.2313,0.0031,0.2313,0.0034,0,0.45999999999999996,FALSE
Slovenia,2007,0.2301,0.0034,0.2301,0.0034,0,0.48,FALSE
Slovenia,2010,0.2526,0.0037,0.2526,0.0036,0,0.52,FALSE
Spain,2007,0.3077,0.003,0.3077,0.0028,0,0.41000000000000003,FALSE
Spain,2010,0.3372,0.0029,0.3372,0.0028,0,0.4,FALSE
Sweden,1975,0.2166,0.0021,0.2166,0.0021,0,0.3,FALSE
Sweden,1981,0.1985,0.0022,0.1985,0.0021,0,0.3,FALSE
United Kingdom,1979,0.2671,0.0029,0.2671,0.003,0,0.42,FALSE
